{
    "app_config": {
        "audio_config": {
            "audio": "pipewire"
        },
        "bluetooth_config": {
            "enabled": true
        }
    },
    "archinstall-language": "English",
    "auth_config": {},
    "bootloader": "Grub",
"custom_commands": [
    "cp /etc/os-release /mnt/etc/os-release",
    "cp /root/grub.sh /mnt/root/grub.sh",
    "arch-chroot /mnt bash /root/grub.sh",
	"cp -af /etc/pacman.conf /mnt/etc/pacman.conf"
],

    "hostname": "aserdev-os",
    "kernels": [
        "linux-zen"
    ],
    "locale_config": {
        "kb_layout": "us",
        "sys_enc": "UTF-8",
        "sys_lang": "en_US.UTF-8"
    },
    "mirror_config": {
        "custom_repositories": [
            {
                "name": "aserdev",
                "sign_check": "Optional",
                "sign_option": "TrustAll",
                "url": "https://raw.githubusercontent.com/aserdevyt/aserdev-repo/main/x86_64"
            },
            {
                "name": "chaotic-aur",
                "sign_check": "Never",
                "sign_option": "TrustAll",
                "url": "https://cdn-mirror.chaotic.cx/$repo/$arch"
            }
        ],
        "custom_servers": [],
        "mirror_regions": {},
        "optional_repositories": [
            "multilib",
            "testing"
        ]
    },
    "network_config": {
        "type": "nm"
    },
    "ntp": true,
    "packages": [
        "aserdev-os-all"
    ],
    "parallel_downloads": 0,
    "profile_config": {
        "gfx_driver": "All open-source",
        "greeter": "sddm",
        "profile": {
            "custom_settings": {
                "Hyprland": {
                    "seat_access": "polkit"
                }
            },
            "details": [
                "Hyprland"
            ],
            "main": "Desktop"
        }
    },
    "script": null,
    "services": [],
    "swap": true,
    "timezone": "UTC",
    "version": "3.0.11"
}

